Model,Accuracy,Precision,Recall,F1-Score
XGBoost,0.9484909456740442,0.904121110176619,0.9871441689623508,0.9438103599648815
Random Forest,0.9014084507042254,0.8701754385964913,0.9109274563820018,0.8900852400179453
SVM,0.9867203219315895,0.9773960216998192,0.992653810835629,0.9849658314350798
Logistic Regression,0.8873239436619719,0.8748841519925857,0.8668503213957759,0.8708487084870848
