Model,Accuracy,Precision,Recall,F1-Score,TN,FP,FN,TP
XGBoost,0.6636560459447287,0.6251005457880824,0.5836722266610774,0.5945293881606861,4575,1682,1994,2704
Random Forest,0.6728948682390028,0.6280441545508362,0.6148867648474974,0.6120953793700504,4474,1783,1787,2911
SVM,0.6822616708641482,0.6138124853081439,0.6786633307554222,0.641432484666445,4285,1972,1502,3196
Logistic Regression,0.7043448681160205,0.7138376324123683,0.5867912078521635,0.5964930052212722,4957,1300,1972,2726
