Model,Accuracy,Precision,Recall,F1-Score,TN,FP,FN,TP
Random Forest,0.6718011906619786,0.6278683630501581,0.6130631966542142,0.610098079394934,4480,1777,1814,2884
Logistic Regression,0.7113277222179493,0.7123505650755408,0.5855376868558011,0.6056076479124938,5032,1225,1960,2738
