Model,Accuracy,Precision,Recall,F1-Score
XGBoost,0.8253521126760563,0.8555917480998915,0.7235996326905417,0.7840796019900498
Random Forest,0.8575452716297787,0.8350045578851413,0.8411386593204775,0.8380603842634949
SVM,0.7597585513078471,0.8145780051150895,0.5849403122130394,0.6809192944949225
Logistic Regression,0.7601609657947687,0.7785310734463277,0.6326905417814509,0.6980749746707193
