Model,Accuracy,Precision,Recall,F1-Score,TN,FP,FN,TP
XGBoost,0.8603954221753207,0.8421625046984005,0.8372769596066953,0.836605885902677,5458,799,747,3951
Random Forest,0.8821334017442883,0.872800599269215,0.8475933091352188,0.8561650255739812,5626,631,664,4034
SVM,0.8904244857364351,0.8666492154428578,0.8768569473321783,0.8712122064256504,5605,652,556,4142
Logistic Regression,0.8500250361628444,0.8539847832882839,0.7925491533943901,0.8102316228094052,5562,695,970,3728
