Model,Accuracy,Precision,Recall,F1-Score
XGBoost,0.9484909456740442,0.904121110176619,0.9871441689623508,0.9438103599648815
Random Forest,0.8981891348088531,0.8692579505300353,0.9035812672176309,0.8860873480414228
SVM,0.9867203219315895,0.9773960216998192,0.992653810835629,0.9849658314350798
Logistic Regression,0.8993963782696177,0.8859245630174793,0.8842975206611571,0.8851102941176471
