Model,Accuracy,Precision,Recall,F1-Score
XGBoost,0.9484909456740442,0.904121110176619,0.9871441689623508,0.9438103599648815
Random Forest,0.9014084507042254,0.8701754385964913,0.9109274563820018,0.8900852400179453
