Model,Accuracy,Precision,Recall,F1-Score
XGBoost,0.8603954221753207,0.8421625046984005,0.8372769596066953,0.836605885902677
Random Forest,0.8821334017442883,0.872800599269215,0.8475933091352188,0.8561650255739812
SVM,0.8904244857364351,0.8666492154428578,0.8768569473321783,0.8712122064256504
Logistic Regression,0.8542593224511015,0.854415192849942,0.8002561640615957,0.8154778720837996
